user_id;title;url;properties
1;Usuario system;assets/images/icon-profile.png;empty
2;Usuario admin;assets/images/icon-profile.png;empty
4;Usuario user;assets/images/icon-profile.png;empty
5;Usuario user001;assets/images/icon-profile.png;empty
6;Usuario user002;assets/images/icon-profile.png;empty
7;Usuario user003;assets/images/icon-profile.png;empty
8;Usuario user004;assets/images/icon-profile.png;empty
9;Usuario user005;assets/images/icon-profile.png;empty
10;Usuario user006;assets/images/icon-profile.png;empty
11;Usuario user007;assets/images/icon-profile.png;empty
12;Usuario user008;assets/images/icon-profile.png;empty
13;Usuario user009;assets/images/icon-profile.png;empty
14;Usuario user010;assets/images/icon-profile.png;empty
15;Usuario user011;assets/images/icon-profile.png;empty
16;Usuario user012;assets/images/icon-profile.png;empty
17;Usuario user013;assets/images/icon-profile.png;empty
18;Usuario user014;assets/images/icon-profile.png;empty
19;Usuario user015;assets/images/icon-profile.png;empty
20;Usuario user016;assets/images/icon-profile.png;empty
