id;name;description;date;owner_id;social_entity_id
1;Event 01;Description of event 01;2014-11-15 10:20:13;5;21
2;Event 02;Description of event 02;2014-11-16 10:20:13;6;22
3;Event 03;Description of event 03;2014-11-17 10:20:13;7;23
4;Event 04;Description of event 04;2014-11-18 10:20:13;8;24
5;Event 05;Description of event 05;2014-11-19 10:20:13;9;25
6;Event 06;Description of event 06;2014-11-20 10:20:13;10;26
7;Event 07;Description of event 07;2014-11-21 10:20:13;11;27
8;Event 08;Description of event 08;2014-11-22 10:20:13;11;28
9;Event 09;Description of event 09;2014-11-23 10:20:13;9;29
10;Event 10;Description of event 10;2014-11-24 10:20:13;8;30
11;Event 11;Description of event 11;2014-11-25 10:20:13;5;31
12;Event 12;Description of event 12;2014-11-26 10:20:13;6;32
13;Event 13;Description of event 13;2014-11-27 10:20:13;7;33
14;Event 14;Description of event 14;2014-11-28 10:20:13;8;34
15;Event 15;Description of event 15;2014-11-29 10:20:13;9;35
16;Event 16;Description of event 16;2014-11-30 10:20:13;10;36
17;Event 17;Description of event 17;2014-12-01 10:20:13;11;37
18;Event 18;Description of event 18;2014-12-02 10:20:13;11;38
19;Event 19;Description of event 19;2014-12-03 10:20:13;9;39
20;Event 20;Description of event 20;2014-12-04 10:20:13;8;40
