id;title;url;properties
1;socialPicture001;assets/images/icon-profile.png;empty
2;socialPicture002;assets/images/icon-profile.png;empty
3;socialPicture003;assets/images/icon-profile.png;empty
4;socialPicture004;assets/images/icon-profile.png;empty
5;socialPicture005;assets/images/icon-profile.png;empty
6;socialPicture006;assets/images/icon-profile.png;empty
7;socialPicture007;assets/images/icon-profile.png;empty
8;socialPicture008;assets/images/icon-profile.png;empty
9;socialPicture009;assets/images/icon-profile.png;empty
10;socialPicture010;assets/images/icon-profile.png;empty
11;socialPicture011;assets/images/icon-profile.png;empty
12;socialPicture012;assets/images/icon-profile.png;empty
13;socialPicture013;assets/images/icon-profile.png;empty
14;socialPicture014;assets/images/icon-profile.png;empty
15;socialPicture015;assets/images/icon-profile.png;empty
16;socialPicture016;assets/images/icon-profile.png;empty
17;socialPicture017;assets/images/icon-profile.png;empty
18;socialPicture018;assets/images/icon-profile.png;empty
19;socialPicture019;assets/images/icon-profile.png;empty
20;socialPicture020;assets/images/icon-profile.png;empty
21;socialPicture021;assets/images/icon-profile.png;empty
22;socialPicture022;assets/images/icon-profile.png;empty
23;socialPicture023;assets/images/icon-profile.png;empty
24;socialPicture024;assets/images/icon-profile.png;empty
25;socialPicture025;assets/images/icon-profile.png;empty
26;socialPicture026;assets/images/icon-profile.png;empty
27;socialPicture027;assets/images/icon-profile.png;empty
28;socialPicture028;assets/images/icon-profile.png;empty
29;socialPicture029;assets/images/icon-profile.png;empty
30;socialPicture030;assets/images/icon-profile.png;empty
31;socialPicture031;assets/images/icon-profile.png;empty
32;socialPicture032;assets/images/icon-profile.png;empty
33;socialPicture033;assets/images/icon-profile.png;empty
34;socialPicture034;assets/images/icon-profile.png;empty
35;socialPicture035;assets/images/icon-profile.png;empty
36;socialPicture036;assets/images/icon-profile.png;empty
37;socialPicture037;assets/images/icon-profile.png;empty
38;socialPicture038;assets/images/icon-profile.png;empty
39;socialPicture039;assets/images/icon-profile.png;empty
40;socialPicture040;assets/images/icon-profile.png;empty
41;socialPicture041;assets/images/icon-profile.png;empty
42;socialPicture042;assets/images/icon-profile.png;empty
43;socialPicture043;assets/images/icon-profile.png;empty
44;socialPicture044;assets/images/icon-profile.png;empty
45;socialPicture045;assets/images/icon-profile.png;empty
46;socialPicture046;assets/images/icon-profile.png;empty
47;socialPicture047;assets/images/icon-profile.png;empty
48;socialPicture048;assets/images/icon-profile.png;empty
49;socialPicture049;assets/images/icon-profile.png;empty
50;socialPicture050;assets/images/icon-profile.png;empty
