id;title;url;properties;step_id
1;Picture of the step 1;assets/images/icon-profile.png;empty;1
2;Picture of the step 1;assets/images/icon-profile.png;empty;1
3;Picture of the step 1;assets/images/icon-profile.png;empty;1
4;Picture of the step 2;assets/images/icon-profile.png;empty;2
5;Picture of the step 3;assets/images/icon-profile.png;empty;3
6;Picture of the step 2;assets/images/icon-profile.png;empty;2
7;Picture of the step 3;assets/images/icon-profile.png;empty;3
8;Picture of the step 2;assets/images/icon-profile.png;empty;2
9;Picture of the step 2;assets/images/icon-profile.png;empty;2
10;Picture of the step 4;assets/images/icon-profile.png;empty;4
11;Picture of the step 5;assets/images/icon-profile.png;empty;5
12;Picture of the step 6;assets/images/icon-profile.png;empty;6
13;Picture of the step 7;assets/images/icon-profile.png;empty;7
14;Picture of the step 8;assets/images/icon-profile.png;empty;8
15;Picture of the step 9;assets/images/icon-profile.png;empty;9
16;Picture of the step 10;assets/images/icon-profile.png;empty;10
17;Picture of the step 1;assets/images/icon-profile.png;empty;1
18;Picture of the step 11;assets/images/icon-profile.png;empty;11
19;Picture of the step 12;assets/images/icon-profile.png;empty;12
20;Picture of the step 13;assets/images/icon-profile.png;empty;13
21;Picture of the step 14;assets/images/icon-profile.png;empty;14
22;Picture of the step 15;assets/images/icon-profile.png;empty;15
23;Picture of the step 16;assets/images/icon-profile.png;empty;16
24;Picture of the step 17;assets/images/icon-profile.png;empty;17
25;Picture of the step 18;assets/images/icon-profile.png;empty;18
26;Picture of the step 19;assets/images/icon-profile.png;empty;19
27;Picture of the step 20;assets/images/icon-profile.png;empty;20
28;Picture of the step 21;assets/images/icon-profile.png;empty;21
29;Picture of the step 21;assets/images/icon-profile.png;empty;21
30;Picture of the step 22;assets/images/icon-profile.png;empty;22
31;Picture of the step 23;assets/images/icon-profile.png;empty;23
32;Picture of the step 24;assets/images/icon-profile.png;empty;24
33;Picture of the step 25;assets/images/icon-profile.png;empty;25
34;Picture of the step 26;assets/images/icon-profile.png;empty;26
35;Picture of the step 22;assets/images/icon-profile.png;empty;22
36;Picture of the step 30;assets/images/icon-profile.png;empty;30
37;Picture of the step 31;assets/images/icon-profile.png;empty;31
38;Picture of the step 32;assets/images/icon-profile.png;empty;32
39;Picture of the step 33;assets/images/icon-profile.png;empty;33
40;Picture of the step 33;assets/images/icon-profile.png;empty;33
41;Picture of the step 33;assets/images/icon-profile.png;empty;33
42;Picture of the step 34;assets/images/icon-profile.png;empty;34
43;Picture of the step 35;assets/images/icon-profile.png;empty;35
44;Picture of the step 36;assets/images/icon-profile.png;empty;36
45;Picture of the step 37;assets/images/icon-profile.png;empty;37
46;Picture of the step 38;assets/images/icon-profile.png;empty;38
47;Picture of the step 39;assets/images/icon-profile.png;empty;39
48;Picture of the step 40;assets/images/icon-profile.png;empty;40
49;Picture of the step 41;assets/images/icon-profile.png;empty;41
50;Picture of the step 43;assets/images/icon-profile.png;empty;43
